id,label,target_btw
seduction,seduction,383.000000
datingadviceformen,datingadviceformen,319.000000
PurplePillDebate,PurplePillDebate,258.500000
Tinder,Tinder,226.000000
thepassportbros,thepassportbros,79.500000
TrueUnpopularOpinion,TrueUnpopularOpinion,76.250000
nottheonion,nottheonion,66.000000
psychology,psychology,55.333333
Vent,Vent,44.500000
movies,movies,39.500000
RandomThoughts,RandomThoughts,35.500000
economicCollapse,economicCollapse,32.750000
rant,rant,32.666667
maybemaybemaybe,maybemaybemaybe,31.000000
socialskills,socialskills,31.000000
Life,Life,28.500000
questions,questions,26.750000
mildlyinteresting,mildlyinteresting,26.000000
stupidquestions,stupidquestions,25.000000
TikTokCringe,TikTokCringe,24.250000
hypotheticalsituation,hypotheticalsituation,24.000000
europe,europe,23.250000
science,science,21.500000
selfimprovement,selfimprovement,21.500000
meirl,meirl,20.166667
Natalism,Natalism,19.500000
The10thDentist,The10thDentist,19.250000
gaming,gaming,16.750000
cats,cats,14.250000
AskAnAustralian,AskAnAustralian,13.500000
malegrooming,malegrooming,13.000000
trueratediscussions,trueratediscussions,12.250000
dating,dating,12.250000
Funnymemes,Funnymemes,12.000000
canada,canada,12.000000
WhitePeopleTwitter,WhitePeopleTwitter,11.750000
ExplainTheJoke,ExplainTheJoke,11.750000
therewasanattempt,therewasanattempt,11.250000
AskUK,AskUK,10.500000
conspiracy,conspiracy,10.250000
MurderedByWords,MurderedByWords,10.000000
AskWomenNoCensor,AskWomenNoCensor,10.000000
BeAmazed,BeAmazed,9.250000
Askpolitics,Askpolitics,9.000000
moviecritic,moviecritic,8.750000
teenagers,teenagers,8.500000
wallstreetbets,wallstreetbets,8.250000
memesopdidnotlike,memesopdidnotlike,8.250000
rareinsults,rareinsults,8.250000
AllThatIsInteresting,AllThatIsInteresting,8.166667
nextfuckinglevel,nextfuckinglevel,8.000000
Music,Music,8.000000
Nicegirls,Nicegirls,7.500000
PoliticalCompassMemes,PoliticalCompassMemes,7.500000
okbuddycinephile,okbuddycinephile,7.500000
PublicFreakout,PublicFreakout,6.500000
repost,repost,6.500000
pcmasterrace,pcmasterrace,6.000000
ChatGPT,ChatGPT,6.000000
SipsTea,SipsTea,5.500000
videogames,videogames,5.500000
OptimistsUnite,OptimistsUnite,5.000000
TeenagersButBetter,TeenagersButBetter,5.000000
ufc,ufc,5.000000
TooAfraidToAsk,TooAfraidToAsk,5.000000
AskWomenOver30,AskWomenOver30,5.000000
MapPorn,MapPorn,4.750000
malelivingspace,malelivingspace,4.750000
AmItheAsshole,AmItheAsshole,4.500000
PeterExplainsTheJoke,PeterExplainsTheJoke,4.500000
askgaybros,askgaybros,4.500000
dating_advice,dating_advice,4.250000
Millennials,Millennials,4.250000
interestingasfuck,interestingasfuck,4.250000
MadeMeSmile,MadeMeSmile,4.000000
funny,funny,4.000000
Asmongold,Asmongold,3.500000
animequestions,animequestions,3.500000
abanpreach,abanpreach,3.500000
BoomersBeingFools,BoomersBeingFools,3.250000
WomenInNews,WomenInNews,3.250000
technology,technology,3.000000
nfl,nfl,3.000000
Unexpected,Unexpected,3.000000
AskMenOver30,AskMenOver30,3.000000
Marriage,Marriage,3.000000
gameofthrones,gameofthrones,3.000000
JoeRogan,JoeRogan,3.000000
Wellthatsucks,Wellthatsucks,2.500000
trashy,trashy,2.500000
CriticalDrinker,CriticalDrinker,2.500000
FuckImOld,FuckImOld,2.500000
notinteresting,notinteresting,2.500000
psychologyofsex,psychologyofsex,2.500000
relationship_advice,relationship_advice,2.000000
mapporncirclejerk,mapporncirclejerk,2.000000
amiwrong,amiwrong,2.000000
StarWars,StarWars,2.000000
MarkMyWords,MarkMyWords,2.000000
AITA_WIBTA_PUBLIC,AITA_WIBTA_PUBLIC,2.000000
youtube,youtube,2.000000
Weird,Weird,1.916667
DeepThoughts,DeepThoughts,1.750000
Adulting,Adulting,1.750000
antinatalism,antinatalism,1.750000
jobs,jobs,1.750000
Piracy,Piracy,1.500000
HistoricalCapsule,HistoricalCapsule,1.500000
antiwork,antiwork,1.500000
memes,memes,1.500000
Eldenring,Eldenring,1.500000
PetPeeves,PetPeeves,1.500000
Productivitycafe,Productivitycafe,1.500000
amIuglyBrutallyHonest,amIuglyBrutallyHonest,1.500000
lonely,lonely,1.500000
Conservative,Conservative,1.500000
germany,germany,1.500000
unitedkingdom,unitedkingdom,1.500000
WomenAreViolentToo,WomenAreViolentToo,1.500000
freefolk,freefolk,1.500000
AskFeminists,AskFeminists,1.500000
changemyview,changemyview,1.500000
johnoliver,johnoliver,1.500000
AskRedditAfterDark,AskRedditAfterDark,1.500000
BestofRedditorUpdates,BestofRedditorUpdates,1.500000
everydaymisandry,everydaymisandry,1.500000
Christianity,Christianity,1.500000
povertyfinance,povertyfinance,1.500000
motorcycles,motorcycles,1.500000
NotHowGirlsWork,NotHowGirlsWork,1.500000
CasualUK,CasualUK,1.500000
autism,autism,1.500000
nba,nba,1.500000
stories,stories,1.250000
coolguides,coolguides,1.000000
UkraineWarVideoReport,UkraineWarVideoReport,1.000000
Presidents,Presidents,1.000000
Comebacks,Comebacks,1.000000
Jordan_Peterson_Memes,Jordan_Peterson_Memes,1.000000
UFOs,UFOs,1.000000
whatif,whatif,1.000000
walkaway,walkaway,1.000000
regularcarreviews,regularcarreviews,1.000000
AMA,AMA,1.000000
babylonbee,babylonbee,1.000000
oddlyspecific,oddlyspecific,1.000000
MovieSuggestions,MovieSuggestions,1.000000
workout,workout,1.000000
GenX,GenX,0.750000
SnapshotHistory,SnapshotHistory,0.750000
todayilearned,todayilearned,0.500000
television,television,0.500000
LinkedInLunatics,LinkedInLunatics,0.500000
TwoXChromosomes,TwoXChromosomes,0.500000
ThatsInsane,ThatsInsane,0.500000
answers,answers,0.500000
woahthatsinteresting,woahthatsinteresting,0.500000
TrueOffMyChest,TrueOffMyChest,0.500000
short,short,0.500000
AskOldPeople,AskOldPeople,0.500000
ActualPublicFreakouts,ActualPublicFreakouts,0.500000
Marvel,Marvel,0.500000
interesting,interesting,0.500000
AdviceAnimals,AdviceAnimals,0.500000
Xennials,Xennials,0.500000
AskCanada,AskCanada,0.500000
OldSchoolCool,OldSchoolCool,0.500000
InsightfulQuestions,InsightfulQuestions,0.500000
CrazyFuckingVideos,CrazyFuckingVideos,0.500000
Ohio,Ohio,0.500000
gadgets,gadgets,0.500000
MildlyBadDrivers,MildlyBadDrivers,0.500000
AskOuija,AskOuija,0.500000
Cooking,Cooking,0.500000
news,news,0.250000
NewsOfTheStupid,NewsOfTheStupid,0.250000
HighStrangeness,HighStrangeness,0.250000
relationships,relationships,0.250000
TwoHotTakes,TwoHotTakes,0.250000
MensRights,MensRights,0.000000
AskReddit,AskReddit,0.000000
oddlyterrifying,oddlyterrifying,0.000000
clevercomebacks,clevercomebacks,0.000000
FluentInFinance,FluentInFinance,0.000000
facepalm,facepalm,0.000000
Damnthatsinteresting,Damnthatsinteresting,0.000000
pics,pics,0.000000
NoStupidQuestions,NoStupidQuestions,0.000000
worldnews,worldnews,0.000000
politics,politics,0.000000
comedyheaven,comedyheaven,0.000000
inthenews,inthenews,0.000000
Showerthoughts,Showerthoughts,0.000000
CyberStuck,CyberStuck,0.000000
agedlikemilk,agedlikemilk,0.000000
idiocracy,idiocracy,0.000000
Satisfyingasfuck,Satisfyingasfuck,0.000000
RoastMe,RoastMe,0.000000
BlackPeopleTwitter,BlackPeopleTwitter,0.000000
explainlikeimfive,explainlikeimfive,0.000000
absolutelynotme_irl,absolutelynotme_irl,0.000000
AbruptChaos,AbruptChaos,0.000000
fightporn,fightporn,0.000000
fixedbytheduet,fixedbytheduet,0.000000
Awww,Awww,0.000000
AskMen,AskMen,0.000000
Steam,Steam,0.000000
fromsoftware,fromsoftware,0.000000
gamingmemes,gamingmemes,0.000000
self,self,0.000000
AmIOverreacting,AmIOverreacting,0.000000
AskMenAdvice,AskMenAdvice,0.000000
GenZ,GenZ,0.000000
confession,confession,0.000000
ask,ask,0.000000
LifeAdvice,LifeAdvice,0.000000
bodylanguage,bodylanguage,0.000000
meme,meme,0.000000
houstonwade,houstonwade,0.000000
geography,geography,0.000000
GuyCry,GuyCry,0.000000
Manipulation,Manipulation,0.000000
USHistory,USHistory,0.000000
millenials,millenials,0.000000
the_everything_bubble,the_everything_bubble,0.000000
dataisbeautiful,dataisbeautiful,0.000000
whiteknighting,whiteknighting,0.000000
IntellectualDarkWeb,IntellectualDarkWeb,0.000000
CuratedTumblr,CuratedTumblr,0.000000
CringeTikToks,CringeTikToks,0.000000
nihilism,nihilism,0.000000
MURICA,MURICA,0.000000
USNewsHub,USNewsHub,0.000000
Global_News_Hub,Global_News_Hub,0.000000
NPR,NPR,0.000000
Snorkblot,Snorkblot,0.000000
martialarts,martialarts,0.000000
mildlyinfuriating,mildlyinfuriating,0.000000
AITAH,AITAH,0.000000
sciencememes,sciencememes,0.000000
shitposting,shitposting,0.000000
mildyinteresting,mildyinteresting,0.000000
CoupleMemes,CoupleMemes,0.000000
tifu,tifu,0.000000
technicallythetruth,technicallythetruth,0.000000
unpopularopinion,unpopularopinion,0.000000
Advice,Advice,0.000000
hygiene,hygiene,0.000000
moraldilemmas,moraldilemmas,0.000000
AskOldPeopleAdvice,AskOldPeopleAdvice,0.000000
CasualConversation,CasualConversation,0.000000
atheism,atheism,0.000000
RedditForGrownups,RedditForGrownups,0.000000
ScenesFromAHat,ScenesFromAHat,0.000000
words,words,0.000000
Rich,Rich,0.000000
Fire,Fire,0.000000
Money,Money,0.000000
TheRedPill,TheRedPill,0.000000
uglyduckling,uglyduckling,0.000000
Truthoffmychest,Truthoffmychest,0.000000
BreakUps,BreakUps,0.000000
books,books,0.000000
careeradvice,careeradvice,0.000000
Biohackers,Biohackers,0.000000
itsthatbad,itsthatbad,0.000000
australian,australian,0.000000
AusFinance,AusFinance,0.000000
australia,australia,0.000000
melbourne,melbourne,0.000000
BrandNewSentence,BrandNewSentence,0.000000
KidsAreFuckingStupid,KidsAreFuckingStupid,0.000000
auscorp,auscorp,0.000000
AskAGerman,AskAGerman,0.000000
ukpolitics,ukpolitics,0.000000
greentext,greentext,0.000000
4chan,4chan,0.000000
HistoryMemes,HistoryMemes,0.000000
CircumcisionGrief,CircumcisionGrief,0.000000
foreskin_restoration,foreskin_restoration,0.000000
Intactivism,Intactivism,0.000000
HolUp,HolUp,0.000000
JustGuysBeingDudes,JustGuysBeingDudes,0.000000
Intactivists,Intactivists,0.000000
libertarianmeme,libertarianmeme,0.000000
unusual_whales,unusual_whales,0.000000
JordanPeterson,JordanPeterson,0.000000
Daytrading,Daytrading,0.000000
TerrifyingAsFuck,TerrifyingAsFuck,0.000000
economy,economy,0.000000
ForeverAlone,ForeverAlone,0.000000
malementalhealth,malementalhealth,0.000000
Anarcho_Capitalism,Anarcho_Capitalism,0.000000
austrian_economics,austrian_economics,0.000000
LeftWingMaleAdvocates,LeftWingMaleAdvocates,0.000000
HouseOfTheDragon,HouseOfTheDragon,0.000000
FIlm,FIlm,0.000000
careerguidance,careerguidance,0.000000
popculturechat,popculturechat,0.000000
entertainment,entertainment,0.000000
MauLer,MauLer,0.000000
GeeksGamersCommunity,GeeksGamersCommunity,0.000000
shittymoviedetails,shittymoviedetails,0.000000
shittytattoos,shittytattoos,0.000000
shittyfoodporn,shittyfoodporn,0.000000
batman,batman,0.000000
StrangeAndFunny,StrangeAndFunny,0.000000
RareHistoricalPhotos,RareHistoricalPhotos,0.000000
Foodforthought,Foodforthought,0.000000
horror,horror,0.000000
InterestingToRead,InterestingToRead,0.000000
superheroes,superheroes,0.000000
sitcoms,sitcoms,0.000000
VindictaRateCelebs,VindictaRateCelebs,0.000000
80s,80s,0.000000
90s,90s,0.000000
circlejerkaustralia,circlejerkaustralia,0.000000
Chadtopia,Chadtopia,0.000000
StupidFood,StupidFood,0.000000
lostredditors,lostredditors,0.000000
youngpeopleyoutube,youngpeopleyoutube,0.000000
me_irl,me_irl,0.000000
ImTheMainCharacter,ImTheMainCharacter,0.000000
MemeVideos,MemeVideos,0.000000
OutOfTheLoop,OutOfTheLoop,0.000000
oddlysatisfying,oddlysatisfying,0.000000
GuysBeingDudes,GuysBeingDudes,0.000000
tragedeigh,tragedeigh,0.000000
Bumperstickers,Bumperstickers,0.000000
AskAnAmerican,AskAnAmerican,0.000000
nostalgia,nostalgia,0.000000
2meirl4meirl,2meirl4meirl,0.000000
gamingsuggestions,gamingsuggestions,0.000000
skeptic,skeptic,0.000000
law,law,0.000000
instant_regret,instant_regret,0.000000
pettyrevenge,pettyrevenge,0.000000
ShitAmericansSay,ShitAmericansSay,0.000000
gifs,gifs,0.000000
Pennsylvania,Pennsylvania,0.000000
redditonwiki,redditonwiki,0.000000
inflation,inflation,0.000000
NoShitSherlock,NoShitSherlock,0.000000
Infographics,Infographics,0.000000
Destiny,Destiny,0.000000
union,union,0.000000
AmITheJerk,AmITheJerk,0.000000
Noses,Noses,0.000000
XGramatikInsights,XGramatikInsights,0.000000
DeclineIntoCensorship,DeclineIntoCensorship,0.000000
canadian,canadian,0.000000
WallStreetbetsELITE,WallStreetbetsELITE,0.000000
lazerpig,lazerpig,0.000000
nytimes,nytimes,0.000000
GGdiscussion,GGdiscussion,0.000000
SeriousConversation,SeriousConversation,0.000000
starterpacks,starterpacks,0.000000
Economics,Economics,0.000000
flicks,flicks,0.000000
AskSocialScience,AskSocialScience,0.000000
marvelstudios,marvelstudios,0.000000
washdc,washdc,0.000000
saltierthancrait,saltierthancrait,0.000000
findapath,findapath,0.000000
WorkReform,WorkReform,0.000000
AnythingGoesNews,AnythingGoesNews,0.000000
scotus,scotus,0.000000
CryptoCurrency,CryptoCurrency,0.000000
privacy,privacy,0.000000
MiddleClassFinance,MiddleClassFinance,0.000000
legal,legal,0.000000
WouldYouRather,WouldYouRather,0.000000
AskMeAnythingIAnswer,AskMeAnythingIAnswer,0.000000
tall,tall,0.000000
monkeyspaw,monkeyspaw,0.000000
wholesomememes,wholesomememes,0.000000
bald,bald,0.000000
malehairadvice,malehairadvice,0.000000
IAmTheMainCharacter,IAmTheMainCharacter,0.000000
FunnyandSad,FunnyandSad,0.000000
lotrmemes,lotrmemes,0.000000
sadposting,sadposting,0.000000
funnyvideos,funnyvideos,0.000000
lies,lies,0.000000
JackSucksAtGeography,JackSucksAtGeography,0.000000
aliens,aliens,0.000000
ukraine,ukraine,0.000000
PrepperIntel,PrepperIntel,0.000000
DeepFuckingValue,DeepFuckingValue,0.000000
stocks,stocks,0.000000
ProgrammerHumor,ProgrammerHumor,0.000000
Futurology,Futurology,0.000000
texas,texas,0.000000
daddit,daddit,0.000000
Parenting,Parenting,0.000000
WatchPeopleDieInside,WatchPeopleDieInside,0.000000
imaginarymapscj,imaginarymapscj,0.000000
minnesota,minnesota,0.000000
trump,trump,0.000000
MyHeroAcadamia,MyHeroAcadamia,0.000000
AskHistory,AskHistory,0.000000
whowouldwin,whowouldwin,0.000000
AskIndia,AskIndia,0.000000
TeenIndia,TeenIndia,0.000000
IndianTeenagers,IndianTeenagers,0.000000
onexindia,onexindia,0.000000
JEENEETards,JEENEETards,0.000000
india,india,0.000000
IndiaSpeaks,IndiaSpeaks,0.000000
LegalAdviceIndia,LegalAdviceIndia,0.000000
AmItheKameena,AmItheKameena,0.000000
IncelTears,IncelTears,0.000000
WTF,WTF,0.000000
PoliticalHumor,PoliticalHumor,0.000000
Whatcouldgowrong,Whatcouldgowrong,0.000000
videos,videos,0.000000
LifeProTips,LifeProTips,0.000000
SweatyPalms,SweatyPalms,0.000000
FunnyAnimals,FunnyAnimals,0.000000
dankmemes,dankmemes,0.000000
iamatotalpieceofshit,iamatotalpieceofshit,0.000000
aww,aww,0.000000
KotakuInAction,KotakuInAction,0.000000
pcgaming,pcgaming,0.000000
insanepeoplefacebook,insanepeoplefacebook,0.000000
olympics,olympics,0.000000
assholedesign,assholedesign,0.000000
impressively,impressively,0.000000
OneOrangeBraincell,OneOrangeBraincell,0.000000
FirstTimeHomeBuyer,FirstTimeHomeBuyer,0.000000
space,space,0.000000
work,work,0.000000
recruitinghell,recruitinghell,0.000000
madlads,madlads,0.000000
theydidthemath,theydidthemath,0.000000
MMA,MMA,0.000000
mmamemes,mmamemes,0.000000
Bandnames,Bandnames,0.000000
shittyaskscience,shittyaskscience,0.000000
MusicRecommendations,MusicRecommendations,0.000000
LivingAlone,LivingAlone,0.000000
Ameristralia,Ameristralia,0.000000
LeopardsAteMyFace,LeopardsAteMyFace,0.000000
SubredditDrama,SubredditDrama,0.000000
scifi,scifi,0.000000
PersonalFinanceCanada,PersonalFinanceCanada,0.000000
AskACanadian,AskACanadian,0.000000
televisionsuggestions,televisionsuggestions,0.000000
masculinity_rocks,masculinity_rocks,0.000000
amiugly,amiugly,0.000000
sex,sex,0.000000
BeardAdvice,BeardAdvice,0.000000
NatureIsFuckingLit,NatureIsFuckingLit,0.000000
MindBlowingThings,MindBlowingThings,0.000000
badroommates,badroommates,0.000000
OnlineDating,OnlineDating,0.000000
Bumble,Bumble,0.000000
AdviceForTeens,AdviceForTeens,0.000000
bestofinternet,bestofinternet,0.000000
blursed_videos,blursed_videos,0.000000
CombatFootage,CombatFootage,0.000000
UpliftingNews,UpliftingNews,0.000000
Justfuckmyshitup,Justfuckmyshitup,0.000000
Games,Games,0.000000
singularity,singularity,0.000000
ArtificialInteligence,ArtificialInteligence,0.000000
perth,perth,0.000000
JamesBond,JamesBond,0.000000
DecodingTheGurus,DecodingTheGurus,0.000000
antinatalism2,antinatalism2,0.000000
democrats,democrats,0.000000
sports,sports,0.000000
shortguys,shortguys,0.000000
childfree,childfree,0.000000
confessions,confessions,0.000000
TopCharacterTropes,TopCharacterTropes,0.000000
emotionalintelligence,emotionalintelligence,0.000000
Gamingcirclejerk,Gamingcirclejerk,0.000000
cyberpunkgame,cyberpunkgame,0.000000
DoesAnybodyElse,DoesAnybodyElse,0.000000
steak,steak,0.000000
pussypassdenied,pussypassdenied,0.000000
WhatShouldIDo,WhatShouldIDo,0.000000
comics,comics,0.000000
bizarrelife,bizarrelife,0.000000
religiousfruitcake,religiousfruitcake,0.000000
mensfashion,mensfashion,0.000000
Libertarian,Libertarian,0.000000
SameGrassButGreener,SameGrassButGreener,0.000000
TheLastOfUs2,TheLastOfUs2,0.000000
NonPoliticalTwitter,NonPoliticalTwitter,0.000000
decadeology,decadeology,0.000000
KitchenConfidential,KitchenConfidential,0.000000
funnymeme,funnymeme,0.000000
AmericaBad,AmericaBad,0.000000
Howtolooksmax,Howtolooksmax,0.000000
LetGirlsHaveFun,LetGirlsHaveFun,0.000000
Justrolledintotheshop,Justrolledintotheshop,0.000000
Teachers,Teachers,0.000000
london,london,0.000000
uknews,uknews,0.000000
AskBrits,AskBrits,0.000000
GreatBritishMemes,GreatBritishMemes,0.000000
UKJobs,UKJobs,0.000000
drivingUK,drivingUK,0.000000
LegalAdviceUK,LegalAdviceUK,0.000000
indiasocial,indiasocial,0.000000
delhi,delhi,0.000000
indiameme,indiameme,0.000000
indianmemer,indianmemer,0.000000
desimemes,desimemes,0.000000
indiadiscussion,indiadiscussion,0.000000
unitedstatesofindia,unitedstatesofindia,0.000000
Indiangirlsontinder,Indiangirlsontinder,0.000000
IndiaTech,IndiaTech,0.000000
mumbai,mumbai,0.000000
indianrailways,indianrailways,0.000000
InstaCelebsGossip,InstaCelebsGossip,0.000000
BollyBlindsNGossip,BollyBlindsNGossip,0.000000
bangalore,bangalore,0.000000
IndiaTax,IndiaTax,0.000000
GossipUnfiltered,GossipUnfiltered,0.000000
creepy,creepy,0.000000
theviralthings,theviralthings,0.000000
Bitcoin,Bitcoin,0.000000
aviation,aviation,0.000000
AskIndianWomen,AskIndianWomen,0.000000
Teenager,Teenager,0.000000
RelationshipIndia,RelationshipIndia,0.000000
AskIndianMen,AskIndianMen,0.000000
indianews,indianews,0.000000
UrbanHell,UrbanHell,0.000000
PickUpArtist,PickUpArtist,0.000000
whenthe,whenthe,0.000000
GenAlpha,GenAlpha,0.000000
FavoriteCharacter,FavoriteCharacter,0.000000
im14andthisisdeep,im14andthisisdeep,0.000000
Salary,Salary,0.000000
csMajors,csMajors,0.000000
cscareerquestions,cscareerquestions,0.000000
sadcringe,sadcringe,0.000000
awfuleverything,awfuleverything,0.000000
AbsoluteUnits,AbsoluteUnits,0.000000
TheBidenshitshow,TheBidenshitshow,0.000000
conspiracytheories,conspiracytheories,0.000000
conspiracy_commons,conspiracy_commons,0.000000
tooktoomuch,tooktoomuch,0.000000
UnethicalLifeProTips,UnethicalLifeProTips,0.000000
PowerScaling,PowerScaling,0.000000
Helldivers,Helldivers,0.000000
helldivers2,helldivers2,0.000000
skyrim,skyrim,0.000000
LivestreamFail,LivestreamFail,0.000000
OpenAI,OpenAI,0.000000
centrist,centrist,0.000000
wikipedia,wikipedia,0.000000
UnbelievableStuff,UnbelievableStuff,0.000000
offbeat,offbeat,0.000000
PcBuild,PcBuild,0.000000
funnysigns,funnysigns,0.000000
buildapc,buildapc,0.000000
doordash,doordash,0.000000
investing,investing,0.000000
Anticonsumption,Anticonsumption,0.000000
2westerneurope4u,2westerneurope4u,0.000000
RedditPregunta,RedditPregunta,0.000000
OpinionesPolemicas,OpinionesPolemicas,0.000000
FridgeDetective,FridgeDetective,0.000000
RandomQuestion,RandomQuestion,0.000000
popculture,popculture,0.000000
StupidMedia,StupidMedia,0.000000
SteamDeck,SteamDeck,0.000000
blursedimages,blursedimages,0.000000
REBubble,REBubble,0.000000
Wild_Politics,Wild_Politics,0.000000
Eyebleach,Eyebleach,0.000000
ShitPoliticsSays,ShitPoliticsSays,0.000000
libsofreddit,libsofreddit,0.000000
CarsIndia,CarsIndia,0.000000
computers,computers,0.000000
GetNoted,GetNoted,0.000000
BaldursGate3,BaldursGate3,0.000000
DiWHY,DiWHY,0.000000
PiratedGames,PiratedGames,0.000000
iamverybadass,iamverybadass,0.000000
confidentlyincorrect,confidentlyincorrect,0.000000
musicsuggestions,musicsuggestions,0.000000
motorcycle,motorcycle,0.000000
anime_irl,anime_irl,0.000000
TravelMaps,TravelMaps,0.000000
NFLv2,NFLv2,0.000000
EhBuddyHoser,EhBuddyHoser,0.000000
alberta,alberta,0.000000
ontario,ontario,0.000000
AITH,AITH,0.000000
marriedredpill,marriedredpill,0.000000
askMRP,askMRP,0.000000
energy,energy,0.000000
DeathByMillennial,DeathByMillennial,0.000000
IBEW,IBEW,0.000000
anime_titties,anime_titties,0.000000
FutureWhatIf,FutureWhatIf,0.000000
StockMarket,StockMarket,0.000000
UkrainianConflict,UkrainianConflict,0.000000
Scotland,Scotland,0.000000
Letterboxd,Letterboxd,0.000000
PoliticalDiscussion,PoliticalDiscussion,0.000000
NoahGetTheBoat,NoahGetTheBoat,0.000000
LateStageCapitalism,LateStageCapitalism,0.000000
PropagandaPosters,PropagandaPosters,0.000000
whatcarshouldIbuy,whatcarshouldIbuy,0.000000
SeattleWA,SeattleWA,0.000000
Seattle,Seattle,0.000000
personalfinanceindia,personalfinanceindia,0.000000
worldnewsvideo,worldnewsvideo,0.000000
developersIndia,developersIndia,0.000000
Canada_sub,Canada_sub,0.000000
CanadaHousing2,CanadaHousing2,0.000000
NBATalk,NBATalk,0.000000
highschool,highschool,0.000000
askteenboys,askteenboys,0.000000
40kLore,40kLore,0.000000
Grimdank,Grimdank,0.000000
idksterling,idksterling,0.000000
YuB,YuB,0.000000
Animemes,Animemes,0.000000
onguardforthee,onguardforthee,0.000000
Frugal,Frugal,0.000000
whatisit,whatisit,0.000000
EatItYouFuckinCoward,EatItYouFuckinCoward,0.000000
midjourney,midjourney,0.000000
UtterlyUniquePhotos,UtterlyUniquePhotos,0.000000
70s,70s,0.000000
cartoons,cartoons,0.000000
Republican,Republican,0.000000
CFB,CFB,0.000000
datingoverforty,datingoverforty,0.000000
DeadBedrooms,DeadBedrooms,0.000000
mattrose,mattrose,0.000000
no,no,0.000000
gifsthatendtoosoon,gifsthatendtoosoon,0.000000
rosesarered,rosesarered,0.000000
exmuslim,exmuslim,0.000000
vexillology,vexillology,0.000000
TrueChristian,TrueChristian,0.000000
vexillologycirclejerk,vexillologycirclejerk,0.000000
Why,Why,0.000000
homeowners,homeowners,0.000000
DnD,DnD,0.000000
collapse,collapse,0.000000
driving,driving,0.000000
BORUpdates,BORUpdates,0.000000
youtubedrama,youtubedrama,0.000000
playstation,playstation,0.000000
blackmagicfuckery,blackmagicfuckery,0.000000
Fauxmoi,Fauxmoi,0.000000
uttarpradesh,uttarpradesh,0.000000
massachusetts,massachusetts,0.000000
Smilepleasse,Smilepleasse,0.000000
harrypotter,harrypotter,0.000000
punk,punk,0.000000
Teenager_Polls,Teenager_Polls,0.000000
AskWomenOver40,AskWomenOver40,0.000000
IdiotsInCars,IdiotsInCars,0.000000
Costco,Costco,0.000000
personalfinance,personalfinance,0.000000
CarsAustralia,CarsAustralia,0.000000
AmITheAngel,AmITheAngel,0.000000
askcarguys,askcarguys,0.000000
wisconsin,wisconsin,0.000000
marvelmemes,marvelmemes,0.000000
AskRedditNSFW,AskRedditNSFW,0.000000
justgalsbeingchicks,justgalsbeingchicks,0.000000
rap,rap,0.000000
hiphop101,hiphop101,0.000000
PS5,PS5,0.000000
AskGaybrosOver30,AskGaybrosOver30,0.000000
AskGayMen,AskGayMen,0.000000
nvidia,nvidia,0.000000
southpark,southpark,0.000000
AnimeReccomendations,AnimeReccomendations,0.000000
boxingcirclejerk,boxingcirclejerk,0.000000
Cinema,Cinema,0.000000
aspergers,aspergers,0.000000
Feminism,Feminism,0.000000
Divorce,Divorce,0.000000
CanadaPolitics,CanadaPolitics,0.000000
whatdoIdo,whatdoIdo,0.000000
gaybros,gaybros,0.000000
